,sample,episode,number_of_iter
0,250,100,4
1,250,100,7
2,250,100,7
3,250,100,9
4,250,100,6
5,250,100,4
6,250,100,7
7,250,100,8
8,250,100,5
9,250,100,6
10,250,100,5
11,250,100,7
12,250,100,9
13,250,100,5
14,250,100,9
15,250,100,7
16,250,100,10
17,250,100,8
18,250,100,6
19,250,100,7
20,250,100,4
21,250,100,6
22,250,100,6
23,250,100,6
24,250,100,9
25,250,100,5
26,250,100,8
27,250,100,8
28,250,100,7
29,250,100,6
30,250,100,8
31,250,100,6
32,250,100,7
33,250,100,5
34,250,100,8
35,250,100,5
36,250,100,7
37,250,100,7
38,250,100,6
39,250,100,7
40,250,100,7
41,250,100,9
42,250,100,9
43,250,100,7
44,250,100,6
45,250,100,6
46,250,100,6
47,250,100,6
48,250,100,6
49,250,100,5
50,250,100,8
51,250,100,7
52,250,100,8
53,250,100,4
54,250,100,5
55,250,100,7
56,250,100,7
57,250,100,6
58,250,100,7
59,250,100,8
60,250,100,7
61,250,100,9
62,250,100,7
63,250,100,6
64,250,100,9
65,250,100,6
66,250,100,8
67,250,100,7
68,250,100,3
69,250,100,9
70,250,100,6
71,250,100,8
72,250,100,6
73,250,100,3
74,250,100,10
75,250,100,7
76,250,100,10
77,250,100,7
78,250,100,10
79,250,100,7
80,250,100,6
81,250,100,6
82,250,100,6
83,250,100,6
84,250,100,5
85,250,100,7
86,250,100,8
87,250,100,9
88,250,100,9
89,250,100,7
90,250,100,5
91,250,100,5
92,250,100,11
93,250,100,7
94,250,100,6
95,250,100,7
96,250,100,9
97,250,100,9
98,250,100,6
99,250,100,6
100,250,100,9
101,250,100,6
102,250,100,6
103,250,100,5
104,250,100,9
105,250,100,7
106,250,100,8
107,250,100,10
108,250,100,8
109,250,100,7
110,250,100,5
111,250,100,8
112,250,100,6
113,250,100,9
114,250,100,5
115,250,100,7
116,250,100,7
117,250,100,7
118,250,100,8
119,250,100,6
120,250,100,11
121,250,100,5
122,250,100,5
123,250,100,7
124,250,100,7
125,250,100,6
126,250,100,6
127,250,100,7
128,250,100,5
129,250,100,7
130,250,100,9
131,250,100,7
132,250,100,7
133,250,100,5
134,250,100,7
135,250,100,6
136,250,100,8
137,250,100,6
138,250,100,4
139,250,100,6
140,250,100,5
141,250,100,8
142,250,100,5
143,250,100,8
144,250,100,5
145,250,100,9
146,250,100,7
147,250,100,7
148,250,100,9
149,250,100,10
150,250,100,6
151,250,100,6
152,250,100,3
153,250,100,6
154,250,100,11
155,250,100,5
156,250,100,5
157,250,100,6
158,250,100,5
159,250,100,7
160,250,100,7
161,250,100,6
162,250,100,7
163,250,100,5
164,250,100,8
165,250,100,5
166,250,100,10
167,250,100,7
168,250,100,5
169,250,100,8
170,250,100,6
171,250,100,7
172,250,100,6
173,250,100,8
174,250,100,7
175,250,100,8
176,250,100,5
177,250,100,4
178,250,100,8
179,250,100,5
180,250,100,7
181,250,100,5
182,250,100,7
183,250,100,6
184,250,100,5
185,250,100,7
186,250,100,9
187,250,100,8
188,250,100,5
189,250,100,7
190,250,100,6
191,250,100,9
192,250,100,10
193,250,100,6
194,250,100,6
195,250,100,6
196,250,100,7
197,250,100,7
198,250,100,7
199,250,100,6
200,250,100,9
201,250,100,8
202,250,100,7
203,250,100,6
204,250,100,10
205,250,100,7
206,250,100,6
207,250,100,6
208,250,100,7
209,250,100,10
210,250,100,6
211,250,100,5
212,250,100,6
213,250,100,7
214,250,100,9
215,250,100,6
216,250,100,7
217,250,100,5
218,250,100,7
219,250,100,8
220,250,100,9
221,250,100,7
222,250,100,5
223,250,100,8
224,250,100,6
225,250,100,5
226,250,100,10
227,250,100,5
228,250,100,6
229,250,100,5
230,250,100,6
231,250,100,9
232,250,100,10
233,250,100,8
234,250,100,7
235,250,100,6
236,250,100,7
237,250,100,10
238,250,100,7
239,250,100,7
240,250,100,7
241,250,100,10
242,250,100,6
243,250,100,9
244,250,100,8
245,250,100,9
246,250,100,7
247,250,100,6
248,250,100,6
249,250,100,8
250,250,110,7
251,250,110,6
252,250,110,7
253,250,110,6
254,250,110,7
255,250,110,9
256,250,110,7
257,250,110,5
258,250,110,10
259,250,110,7
260,250,110,7
261,250,110,7
262,250,110,8
263,250,110,6
264,250,110,5
265,250,110,6
266,250,110,7
267,250,110,7
268,250,110,9
269,250,110,8
270,250,110,6
271,250,110,7
272,250,110,5
273,250,110,6
274,250,110,4
275,250,110,7
276,250,110,7
277,250,110,7
278,250,110,8
279,250,110,6
280,250,110,6
281,250,110,7
282,250,110,5
283,250,110,7
284,250,110,6
285,250,110,9
286,250,110,6
287,250,110,8
288,250,110,7
289,250,110,5
290,250,110,7
291,250,110,6
292,250,110,5
293,250,110,7
294,250,110,6
295,250,110,5
296,250,110,5
297,250,110,7
298,250,110,5
299,250,110,5
300,250,110,7
301,250,110,7
302,250,110,8
303,250,110,6
304,250,110,6
305,250,110,5
306,250,110,8
307,250,110,6
308,250,110,5
309,250,110,8
310,250,110,7
311,250,110,9
312,250,110,6
313,250,110,8
314,250,110,9
315,250,110,7
316,250,110,5
317,250,110,6
318,250,110,7
319,250,110,6
320,250,110,8
321,250,110,7
322,250,110,10
323,250,110,8
324,250,110,8
325,250,110,8
326,250,110,5
327,250,110,9
328,250,110,9
329,250,110,4
330,250,110,9
331,250,110,6
332,250,110,11
333,250,110,7
334,250,110,6
335,250,110,5
336,250,110,6
337,250,110,11
338,250,110,7
339,250,110,9
340,250,110,6
341,250,110,6
342,250,110,6
343,250,110,7
344,250,110,5
345,250,110,5
346,250,110,4
347,250,110,5
348,250,110,5
349,250,110,7
350,250,110,7
351,250,110,7
352,250,110,5
353,250,110,7
354,250,110,6
355,250,110,8
356,250,110,5
357,250,110,6
358,250,110,6
359,250,110,7
360,250,110,7
361,250,110,8
362,250,110,6
363,250,110,7
364,250,110,5
365,250,110,5
366,250,110,6
367,250,110,7
368,250,110,5
369,250,110,7
370,250,110,5
371,250,110,6
372,250,110,7
373,250,110,6
374,250,110,8
375,250,110,5
376,250,110,6
377,250,110,5
378,250,110,7
379,250,110,8
380,250,110,5
381,250,110,8
382,250,110,8
383,250,110,6
384,250,110,8
385,250,110,4
386,250,110,7
387,250,110,6
388,250,110,5
389,250,110,6
390,250,110,7
391,250,110,5
392,250,110,7
393,250,110,7
394,250,110,8
395,250,110,6
396,250,110,12
397,250,110,6
398,250,110,7
399,250,110,9
400,250,110,6
401,250,110,9
402,250,110,6
403,250,110,6
404,250,110,6
405,250,110,9
406,250,110,7
407,250,110,5
408,250,110,7
409,250,110,10
410,250,110,7
411,250,110,11
412,250,110,6
413,250,110,7
414,250,110,7
415,250,110,8
416,250,110,6
417,250,110,8
418,250,110,6
419,250,110,5
420,250,110,7
421,250,110,9
422,250,110,6
423,250,110,8
424,250,110,7
425,250,110,6
426,250,110,6
427,250,110,7
428,250,110,9
429,250,110,6
430,250,110,7
431,250,110,7
432,250,110,8
433,250,110,7
434,250,110,3
435,250,110,6
436,250,110,7
437,250,110,4
438,250,110,8
439,250,110,5
440,250,110,5
441,250,110,5
442,250,110,7
443,250,110,7
444,250,110,9
445,250,110,6
446,250,110,7
447,250,110,6
448,250,110,5
449,250,110,8
450,250,110,6
451,250,110,6
452,250,110,9
453,250,110,6
454,250,110,5
455,250,110,5
456,250,110,7
457,250,110,6
458,250,110,10
459,250,110,8
460,250,110,7
461,250,110,5
462,250,110,8
463,250,110,6
464,250,110,6
465,250,110,7
466,250,110,5
467,250,110,7
468,250,110,6
469,250,110,7
470,250,110,7
471,250,110,6
472,250,110,6
473,250,110,8
474,250,110,5
475,250,110,7
476,250,110,8
477,250,110,6
478,250,110,9
479,250,110,6
480,250,110,6
481,250,110,6
482,250,110,6
483,250,110,5
484,250,110,8
485,250,110,8
486,250,110,6
487,250,110,7
488,250,110,9
489,250,110,7
490,250,110,5
491,250,110,8
492,250,110,4
493,250,110,12
494,250,110,7
495,250,110,7
496,250,110,6
497,250,110,7
498,250,110,7
499,250,110,6
500,250,120,9
501,250,120,7
502,250,120,6
503,250,120,7
504,250,120,6
505,250,120,7
506,250,120,7
507,250,120,8
508,250,120,7
509,250,120,6
510,250,120,6
511,250,120,6
512,250,120,6
513,250,120,7
514,250,120,6
515,250,120,7
516,250,120,8
517,250,120,5
518,250,120,6
519,250,120,7
520,250,120,9
521,250,120,7
522,250,120,5
523,250,120,6
524,250,120,9
525,250,120,5
526,250,120,8
527,250,120,8
528,250,120,7
529,250,120,5
530,250,120,5
531,250,120,7
532,250,120,6
533,250,120,8
534,250,120,7
535,250,120,9
536,250,120,7
537,250,120,6
538,250,120,10
539,250,120,8
540,250,120,8
541,250,120,5
542,250,120,6
543,250,120,4
544,250,120,6
545,250,120,8
546,250,120,9
547,250,120,7
548,250,120,3
549,250,120,8
550,250,120,5
551,250,120,7
552,250,120,6
553,250,120,5
554,250,120,4
555,250,120,8
556,250,120,4
557,250,120,6
558,250,120,10
559,250,120,5
560,250,120,7
561,250,120,5
562,250,120,5
563,250,120,7
564,250,120,6
565,250,120,9
566,250,120,7
567,250,120,7
568,250,120,7
569,250,120,7
570,250,120,10
571,250,120,6
572,250,120,8
573,250,120,6
574,250,120,10
575,250,120,6
576,250,120,9
577,250,120,8
578,250,120,8
579,250,120,5
580,250,120,5
581,250,120,8
582,250,120,7
583,250,120,6
584,250,120,7
585,250,120,7
586,250,120,6
587,250,120,6
588,250,120,8
589,250,120,8
590,250,120,6
591,250,120,10
592,250,120,7
593,250,120,7
594,250,120,6
595,250,120,7
596,250,120,6
597,250,120,7
598,250,120,7
599,250,120,6
600,250,120,5
601,250,120,8
602,250,120,6
603,250,120,5
604,250,120,6
605,250,120,11
606,250,120,6
607,250,120,8
608,250,120,6
609,250,120,6
610,250,120,4
611,250,120,7
612,250,120,9
613,250,120,7
614,250,120,6
615,250,120,7
616,250,120,7
617,250,120,6
618,250,120,5
619,250,120,7
620,250,120,4
621,250,120,6
622,250,120,7
623,250,120,7
624,250,120,5
625,250,120,6
626,250,120,9
627,250,120,5
628,250,120,7
629,250,120,7
630,250,120,9
631,250,120,5
632,250,120,6
633,250,120,7
634,250,120,4
635,250,120,5
636,250,120,6
637,250,120,6
638,250,120,7
639,250,120,6
640,250,120,5
641,250,120,7
642,250,120,4
643,250,120,7
644,250,120,5
645,250,120,6
646,250,120,6
647,250,120,5
648,250,120,6
649,250,120,8
650,250,120,7
651,250,120,6
652,250,120,6
653,250,120,8
654,250,120,8
655,250,120,8
656,250,120,5
657,250,120,6
658,250,120,8
659,250,120,6
660,250,120,7
661,250,120,6
662,250,120,5
663,250,120,6
664,250,120,6
665,250,120,4
666,250,120,6
667,250,120,6
668,250,120,7
669,250,120,6
670,250,120,6
671,250,120,5
672,250,120,5
673,250,120,6
674,250,120,7
675,250,120,10
676,250,120,7
677,250,120,7
678,250,120,5
679,250,120,8
680,250,120,8
681,250,120,9
682,250,120,8
683,250,120,9
684,250,120,6
685,250,120,7
686,250,120,6
687,250,120,8
688,250,120,6
689,250,120,5
690,250,120,6
691,250,120,7
692,250,120,7
693,250,120,8
694,250,120,6
695,250,120,7
696,250,120,6
697,250,120,5
698,250,120,6
699,250,120,6
700,250,120,8
701,250,120,6
702,250,120,6
703,250,120,6
704,250,120,7
705,250,120,4
706,250,120,6
707,250,120,8
708,250,120,5
709,250,120,8
710,250,120,7
711,250,120,8
712,250,120,5
713,250,120,7
714,250,120,7
715,250,120,7
716,250,120,6
717,250,120,7
718,250,120,7
719,250,120,6
720,250,120,6
721,250,120,8
722,250,120,5
723,250,120,8
724,250,120,4
725,250,120,6
726,250,120,6
727,250,120,7
728,250,120,5
729,250,120,8
730,250,120,5
731,250,120,6
732,250,120,7
733,250,120,10
734,250,120,3
735,250,120,7
736,250,120,7
737,250,120,6
738,250,120,6
739,250,120,5
740,250,120,7
741,250,120,6
742,250,120,6
743,250,120,6
744,250,120,8
745,250,120,5
746,250,120,7
747,250,120,8
748,250,120,6
749,250,120,6
750,250,130,5
751,250,130,5
752,250,130,5
753,250,130,6
754,250,130,6
755,250,130,6
756,250,130,6
757,250,130,7
758,250,130,5
759,250,130,7
760,250,130,6
761,250,130,8
762,250,130,4
763,250,130,8
764,250,130,5
765,250,130,7
766,250,130,7
767,250,130,6
768,250,130,7
769,250,130,6
770,250,130,7
771,250,130,7
772,250,130,8
773,250,130,7
774,250,130,4
775,250,130,6
776,250,130,8
777,250,130,5
778,250,130,7
779,250,130,8
780,250,130,5
781,250,130,5
782,250,130,6
783,250,130,4
784,250,130,7
785,250,130,6
786,250,130,7
787,250,130,6
788,250,130,8
789,250,130,5
790,250,130,7
791,250,130,6
792,250,130,6
793,250,130,6
794,250,130,7
795,250,130,7
796,250,130,7
797,250,130,6
798,250,130,6
799,250,130,7
800,250,130,5
801,250,130,7
802,250,130,5
803,250,130,10
804,250,130,7
805,250,130,5
806,250,130,5
807,250,130,9
808,250,130,7
809,250,130,4
810,250,130,5
811,250,130,9
812,250,130,7
813,250,130,7
814,250,130,6
815,250,130,7
816,250,130,8
817,250,130,8
818,250,130,8
819,250,130,9
820,250,130,6
821,250,130,6
822,250,130,4
823,250,130,9
824,250,130,9
825,250,130,7
826,250,130,5
827,250,130,8
828,250,130,6
829,250,130,6
830,250,130,7
831,250,130,6
832,250,130,5
833,250,130,10
834,250,130,6
835,250,130,6
836,250,130,6
837,250,130,8
838,250,130,7
839,250,130,9
840,250,130,9
841,250,130,6
842,250,130,5
843,250,130,8
844,250,130,7
845,250,130,7
846,250,130,8
847,250,130,8
848,250,130,6
849,250,130,7
850,250,130,7
851,250,130,5
852,250,130,7
853,250,130,7
854,250,130,5
855,250,130,6
856,250,130,6
857,250,130,7
858,250,130,7
859,250,130,7
860,250,130,4
861,250,130,4
862,250,130,7
863,250,130,9
864,250,130,6
865,250,130,8
866,250,130,6
867,250,130,6
868,250,130,7
869,250,130,8
870,250,130,10
871,250,130,7
872,250,130,7
873,250,130,9
874,250,130,7
875,250,130,5
876,250,130,7
877,250,130,6
878,250,130,6
879,250,130,6
880,250,130,7
881,250,130,6
882,250,130,8
883,250,130,7
884,250,130,5
885,250,130,7
886,250,130,9
887,250,130,6
888,250,130,6
889,250,130,7
890,250,130,4
891,250,130,5
892,250,130,8
893,250,130,7
894,250,130,7
895,250,130,6
896,250,130,7
897,250,130,8
898,250,130,6
899,250,130,9
900,250,130,6
901,250,130,8
902,250,130,6
903,250,130,8
904,250,130,6
905,250,130,5
906,250,130,10
907,250,130,7
908,250,130,6
909,250,130,8
910,250,130,6
911,250,130,6
912,250,130,8
913,250,130,5
914,250,130,6
915,250,130,5
916,250,130,8
917,250,130,8
918,250,130,9
919,250,130,7
920,250,130,7
921,250,130,7
922,250,130,8
923,250,130,7
924,250,130,7
925,250,130,5
926,250,130,4
927,250,130,6
928,250,130,7
929,250,130,7
930,250,130,10
931,250,130,4
932,250,130,7
933,250,130,8
934,250,130,6
935,250,130,6
936,250,130,6
937,250,130,4
938,250,130,6
939,250,130,8
940,250,130,7
941,250,130,4
942,250,130,6
943,250,130,6
944,250,130,7
945,250,130,8
946,250,130,6
947,250,130,9
948,250,130,5
949,250,130,6
950,250,130,5
951,250,130,6
952,250,130,7
953,250,130,9
954,250,130,8
955,250,130,5
956,250,130,5
957,250,130,6
958,250,130,7
959,250,130,9
960,250,130,7
961,250,130,7
962,250,130,6
963,250,130,6
964,250,130,6
965,250,130,9
966,250,130,6
967,250,130,5
968,250,130,6
969,250,130,6
970,250,130,5
971,250,130,7
972,250,130,7
973,250,130,6
974,250,130,8
975,250,130,6
976,250,130,7
977,250,130,7
978,250,130,6
979,250,130,5
980,250,130,5
981,250,130,6
982,250,130,6
983,250,130,5
984,250,130,5
985,250,130,7
986,250,130,6
987,250,130,7
988,250,130,7
989,250,130,7
990,250,130,8
991,250,130,6
992,250,130,5
993,250,130,6
994,250,130,9
995,250,130,6
996,250,130,7
997,250,130,5
998,250,130,6
999,250,130,6
1000,250,140,5
1001,250,140,7
1002,250,140,7
1003,250,140,4
1004,250,140,8
1005,250,140,10
1006,250,140,8
1007,250,140,6
1008,250,140,11
1009,250,140,6
1010,250,140,7
1011,250,140,6
1012,250,140,7
1013,250,140,7
1014,250,140,7
1015,250,140,8
1016,250,140,6
1017,250,140,6
1018,250,140,6
1019,250,140,5
1020,250,140,6
1021,250,140,7
1022,250,140,8
1023,250,140,7
1024,250,140,7
1025,250,140,8
1026,250,140,7
1027,250,140,5
1028,250,140,6
1029,250,140,7
1030,250,140,8
1031,250,140,5
1032,250,140,6
1033,250,140,5
1034,250,140,7
1035,250,140,8
1036,250,140,10
1037,250,140,7
1038,250,140,6
1039,250,140,6
1040,250,140,8
1041,250,140,5
1042,250,140,8
1043,250,140,8
1044,250,140,8
1045,250,140,11
1046,250,140,6
1047,250,140,8
1048,250,140,7
1049,250,140,7
1050,250,140,7
1051,250,140,7
1052,250,140,7
1053,250,140,7
1054,250,140,6
1055,250,140,5
1056,250,140,7
1057,250,140,5
1058,250,140,7
1059,250,140,7
1060,250,140,4
1061,250,140,7
1062,250,140,9
1063,250,140,8
1064,250,140,7
1065,250,140,9
1066,250,140,6
1067,250,140,5
1068,250,140,6
1069,250,140,6
1070,250,140,7
1071,250,140,7
1072,250,140,6
1073,250,140,6
1074,250,140,8
1075,250,140,7
1076,250,140,8
1077,250,140,7
1078,250,140,7
1079,250,140,6
1080,250,140,5
1081,250,140,6
1082,250,140,6
1083,250,140,9
1084,250,140,4
1085,250,140,6
1086,250,140,7
1087,250,140,5
1088,250,140,7
1089,250,140,8
1090,250,140,7
1091,250,140,7
1092,250,140,5
1093,250,140,6
1094,250,140,7
1095,250,140,9
1096,250,140,8
1097,250,140,7
1098,250,140,6
1099,250,140,7
1100,250,140,8
1101,250,140,5
1102,250,140,5
1103,250,140,7
1104,250,140,9
1105,250,140,7
1106,250,140,6
1107,250,140,7
1108,250,140,6
1109,250,140,8
1110,250,140,6
1111,250,140,6
1112,250,140,8
1113,250,140,6
1114,250,140,7
1115,250,140,7
1116,250,140,6
1117,250,140,6
1118,250,140,6
1119,250,140,8
1120,250,140,7
1121,250,140,5
1122,250,140,7
1123,250,140,6
1124,250,140,5
1125,250,140,9
1126,250,140,7
1127,250,140,7
1128,250,140,8
1129,250,140,6
1130,250,140,6
1131,250,140,5
1132,250,140,6
1133,250,140,7
1134,250,140,9
1135,250,140,6
1136,250,140,7
1137,250,140,9
1138,250,140,7
1139,250,140,6
1140,250,140,8
1141,250,140,9
1142,250,140,6
1143,250,140,7
1144,250,140,7
1145,250,140,7
1146,250,140,6
1147,250,140,6
1148,250,140,8
1149,250,140,7
1150,250,140,6
1151,250,140,8
1152,250,140,6
1153,250,140,8
1154,250,140,5
1155,250,140,6
1156,250,140,8
1157,250,140,6
1158,250,140,5
1159,250,140,7
1160,250,140,9
1161,250,140,6
1162,250,140,6
1163,250,140,5
1164,250,140,5
1165,250,140,6
1166,250,140,9
1167,250,140,11
1168,250,140,7
1169,250,140,6
1170,250,140,6
1171,250,140,8
1172,250,140,6
1173,250,140,7
1174,250,140,6
1175,250,140,5
1176,250,140,4
1177,250,140,6
1178,250,140,7
1179,250,140,7
1180,250,140,7
1181,250,140,6
1182,250,140,6
1183,250,140,6
1184,250,140,11
1185,250,140,6
1186,250,140,6
1187,250,140,6
1188,250,140,6
1189,250,140,8
1190,250,140,5
1191,250,140,7
1192,250,140,9
1193,250,140,9
1194,250,140,6
1195,250,140,7
1196,250,140,6
1197,250,140,8
1198,250,140,8
1199,250,140,8
1200,250,140,6
1201,250,140,9
1202,250,140,5
1203,250,140,6
1204,250,140,4
1205,250,140,7
1206,250,140,6
1207,250,140,7
1208,250,140,6
1209,250,140,5
1210,250,140,10
1211,250,140,7
1212,250,140,5
1213,250,140,7
1214,250,140,8
1215,250,140,6
1216,250,140,7
1217,250,140,4
1218,250,140,7
1219,250,140,6
1220,250,140,5
1221,250,140,7
1222,250,140,7
1223,250,140,6
1224,250,140,6
1225,250,140,8
1226,250,140,6
1227,250,140,7
1228,250,140,6
1229,250,140,8
1230,250,140,8
1231,250,140,5
1232,250,140,7
1233,250,140,8
1234,250,140,7
1235,250,140,8
1236,250,140,6
1237,250,140,10
1238,250,140,6
1239,250,140,10
1240,250,140,6
1241,250,140,6
1242,250,140,7
1243,250,140,8
1244,250,140,8
1245,250,140,7
1246,250,140,9
1247,250,140,6
1248,250,140,10
1249,250,140,7
1250,250,150,9
1251,250,150,7
1252,250,150,6
1253,250,150,6
1254,250,150,7
1255,250,150,6
1256,250,150,8
1257,250,150,5
1258,250,150,6
1259,250,150,7
1260,250,150,6
1261,250,150,6
1262,250,150,4
1263,250,150,7
1264,250,150,6
1265,250,150,7
1266,250,150,5
1267,250,150,6
1268,250,150,6
1269,250,150,7
1270,250,150,6
1271,250,150,5
1272,250,150,5
1273,250,150,6
1274,250,150,7
1275,250,150,8
1276,250,150,7
1277,250,150,5
1278,250,150,8
1279,250,150,7
1280,250,150,6
1281,250,150,5
1282,250,150,9
1283,250,150,7
1284,250,150,6
1285,250,150,8
1286,250,150,8
1287,250,150,8
1288,250,150,7
1289,250,150,8
1290,250,150,8
1291,250,150,9
1292,250,150,7
1293,250,150,5
1294,250,150,6
1295,250,150,7
1296,250,150,7
1297,250,150,8
1298,250,150,7
1299,250,150,6
1300,250,150,6
1301,250,150,7
1302,250,150,6
1303,250,150,6
1304,250,150,4
1305,250,150,6
1306,250,150,8
1307,250,150,5
1308,250,150,7
1309,250,150,7
1310,250,150,8
1311,250,150,5
1312,250,150,7
1313,250,150,8
1314,250,150,6
1315,250,150,7
1316,250,150,5
1317,250,150,8
1318,250,150,7
1319,250,150,7
1320,250,150,8
1321,250,150,6
1322,250,150,8
1323,250,150,8
1324,250,150,6
1325,250,150,6
1326,250,150,8
1327,250,150,7
1328,250,150,3
1329,250,150,7
1330,250,150,6
1331,250,150,6
1332,250,150,8
1333,250,150,6
1334,250,150,8
1335,250,150,6
1336,250,150,7
1337,250,150,5
1338,250,150,6
1339,250,150,7
1340,250,150,6
1341,250,150,7
1342,250,150,7
1343,250,150,9
1344,250,150,9
1345,250,150,7
1346,250,150,6
1347,250,150,4
1348,250,150,7
1349,250,150,9
1350,250,150,6
1351,250,150,7
1352,250,150,6
1353,250,150,7
1354,250,150,6
1355,250,150,5
1356,250,150,6
1357,250,150,8
1358,250,150,5
1359,250,150,6
1360,250,150,6
1361,250,150,5
1362,250,150,10
1363,250,150,5
1364,250,150,7
1365,250,150,5
1366,250,150,5
1367,250,150,7
1368,250,150,7
1369,250,150,7
1370,250,150,5
1371,250,150,8
1372,250,150,7
1373,250,150,7
1374,250,150,7
1375,250,150,11
1376,250,150,6
1377,250,150,9
1378,250,150,5
1379,250,150,4
1380,250,150,7
1381,250,150,7
1382,250,150,6
1383,250,150,10
1384,250,150,8
1385,250,150,6
1386,250,150,7
1387,250,150,5
1388,250,150,8
1389,250,150,6
1390,250,150,6
1391,250,150,6
1392,250,150,5
1393,250,150,5
1394,250,150,6
1395,250,150,8
1396,250,150,7
1397,250,150,8
1398,250,150,7
1399,250,150,7
1400,250,150,7
1401,250,150,9
1402,250,150,7
1403,250,150,5
1404,250,150,6
1405,250,150,6
1406,250,150,7
1407,250,150,7
1408,250,150,7
1409,250,150,4
1410,250,150,7
1411,250,150,6
1412,250,150,7
1413,250,150,9
1414,250,150,7
1415,250,150,7
1416,250,150,6
1417,250,150,8
1418,250,150,8
1419,250,150,6
1420,250,150,7
1421,250,150,8
1422,250,150,7
1423,250,150,6
1424,250,150,8
1425,250,150,7
1426,250,150,5
1427,250,150,7
1428,250,150,7
1429,250,150,6
1430,250,150,6
1431,250,150,8
1432,250,150,6
1433,250,150,6
1434,250,150,7
1435,250,150,6
1436,250,150,6
1437,250,150,5
1438,250,150,9
1439,250,150,5
1440,250,150,6
1441,250,150,6
1442,250,150,6
1443,250,150,7
1444,250,150,4
1445,250,150,5
1446,250,150,8
1447,250,150,8
1448,250,150,6
1449,250,150,6
1450,250,150,7
1451,250,150,6
1452,250,150,11
1453,250,150,6
1454,250,150,7
1455,250,150,5
1456,250,150,7
1457,250,150,6
1458,250,150,5
1459,250,150,8
1460,250,150,9
1461,250,150,7
1462,250,150,10
1463,250,150,6
1464,250,150,6
1465,250,150,6
1466,250,150,6
1467,250,150,7
1468,250,150,5
1469,250,150,6
1470,250,150,6
1471,250,150,8
1472,250,150,6
1473,250,150,5
1474,250,150,5
1475,250,150,7
1476,250,150,6
1477,250,150,7
1478,250,150,6
1479,250,150,6
1480,250,150,5
1481,250,150,7
1482,250,150,8
1483,250,150,7
1484,250,150,5
1485,250,150,6
1486,250,150,6
1487,250,150,8
1488,250,150,5
1489,250,150,5
1490,250,150,6
1491,250,150,6
1492,250,150,8
1493,250,150,6
1494,250,150,7
1495,250,150,6
1496,250,150,6
1497,250,150,8
1498,250,150,7
1499,250,150,5
1500,250,160,6
1501,250,160,7
1502,250,160,5
1503,250,160,8
1504,250,160,6
1505,250,160,6
1506,250,160,7
1507,250,160,6
1508,250,160,6
1509,250,160,7
1510,250,160,4
1511,250,160,5
1512,250,160,8
1513,250,160,5
1514,250,160,6
1515,250,160,3
1516,250,160,6
1517,250,160,9
1518,250,160,8
1519,250,160,7
1520,250,160,6
1521,250,160,6
1522,250,160,4
1523,250,160,5
1524,250,160,8
1525,250,160,5
1526,250,160,6
1527,250,160,7
1528,250,160,5
1529,250,160,7
1530,250,160,6
1531,250,160,6
1532,250,160,7
1533,250,160,7
1534,250,160,5
1535,250,160,6
1536,250,160,7
1537,250,160,6
1538,250,160,7
1539,250,160,6
1540,250,160,6
1541,250,160,9
1542,250,160,7
1543,250,160,6
1544,250,160,5
1545,250,160,7
1546,250,160,6
1547,250,160,7
1548,250,160,7
1549,250,160,7
1550,250,160,7
1551,250,160,8
1552,250,160,7
1553,250,160,7
1554,250,160,6
1555,250,160,4
1556,250,160,7
1557,250,160,8
1558,250,160,8
1559,250,160,9
1560,250,160,7
1561,250,160,7
1562,250,160,7
1563,250,160,7
1564,250,160,5
1565,250,160,6
1566,250,160,5
1567,250,160,7
1568,250,160,4
1569,250,160,6
1570,250,160,6
1571,250,160,5
1572,250,160,6
1573,250,160,8
1574,250,160,7
1575,250,160,4
1576,250,160,5
1577,250,160,7
1578,250,160,7
1579,250,160,7
1580,250,160,5
1581,250,160,9
1582,250,160,7
1583,250,160,7
1584,250,160,7
1585,250,160,7
1586,250,160,7
1587,250,160,4
1588,250,160,6
1589,250,160,7
1590,250,160,7
1591,250,160,7
1592,250,160,8
1593,250,160,7
1594,250,160,5
1595,250,160,8
1596,250,160,6
1597,250,160,8
1598,250,160,7
1599,250,160,10
1600,250,160,8
1601,250,160,7
1602,250,160,5
1603,250,160,5
1604,250,160,6
1605,250,160,6
1606,250,160,5
1607,250,160,7
1608,250,160,7
1609,250,160,7
1610,250,160,8
1611,250,160,6
1612,250,160,6
1613,250,160,7
1614,250,160,5
1615,250,160,8
1616,250,160,3
1617,250,160,5
1618,250,160,7
1619,250,160,6
1620,250,160,6
1621,250,160,6
1622,250,160,7
1623,250,160,5
1624,250,160,5
1625,250,160,7
1626,250,160,6
1627,250,160,5
1628,250,160,4
1629,250,160,8
1630,250,160,7
1631,250,160,6
1632,250,160,5
1633,250,160,6
1634,250,160,8
1635,250,160,5
1636,250,160,8
1637,250,160,7
1638,250,160,6
1639,250,160,7
1640,250,160,7
1641,250,160,5
1642,250,160,5
1643,250,160,7
1644,250,160,8
1645,250,160,5
1646,250,160,5
1647,250,160,7
1648,250,160,7
1649,250,160,7
1650,250,160,6
1651,250,160,8
1652,250,160,7
1653,250,160,7
1654,250,160,6
1655,250,160,6
1656,250,160,9
1657,250,160,9
1658,250,160,6
1659,250,160,9
1660,250,160,7
1661,250,160,6
1662,250,160,6
1663,250,160,5
1664,250,160,7
1665,250,160,6
1666,250,160,8
1667,250,160,6
1668,250,160,7
1669,250,160,6
1670,250,160,8
1671,250,160,7
1672,250,160,5
1673,250,160,7
1674,250,160,9
1675,250,160,5
1676,250,160,6
1677,250,160,8
1678,250,160,7
1679,250,160,6
1680,250,160,7
1681,250,160,5
1682,250,160,8
1683,250,160,5
1684,250,160,6
1685,250,160,6
1686,250,160,8
1687,250,160,6
1688,250,160,6
1689,250,160,4
1690,250,160,7
1691,250,160,5
1692,250,160,4
1693,250,160,6
1694,250,160,5
1695,250,160,7
1696,250,160,6
1697,250,160,7
1698,250,160,4
1699,250,160,6
1700,250,160,5
1701,250,160,7
1702,250,160,6
1703,250,160,11
1704,250,160,8
1705,250,160,8
1706,250,160,7
1707,250,160,5
1708,250,160,7
1709,250,160,6
1710,250,160,7
1711,250,160,6
1712,250,160,7
1713,250,160,8
1714,250,160,5
1715,250,160,7
1716,250,160,9
1717,250,160,5
1718,250,160,6
1719,250,160,3
1720,250,160,7
1721,250,160,7
1722,250,160,6
1723,250,160,7
1724,250,160,6
1725,250,160,9
1726,250,160,6
1727,250,160,8
1728,250,160,7
1729,250,160,6
1730,250,160,5
1731,250,160,6
1732,250,160,7
1733,250,160,5
1734,250,160,6
1735,250,160,6
1736,250,160,8
1737,250,160,6
1738,250,160,5
1739,250,160,5
1740,250,160,6
1741,250,160,5
1742,250,160,8
1743,250,160,6
1744,250,160,7
1745,250,160,6
1746,250,160,6
1747,250,160,6
1748,250,160,5
1749,250,160,6
1750,250,170,6
1751,250,170,4
1752,250,170,6
1753,250,170,8
1754,250,170,7
1755,250,170,5
1756,250,170,6
1757,250,170,7
1758,250,170,6
1759,250,170,7
1760,250,170,7
1761,250,170,4
1762,250,170,5
1763,250,170,12
1764,250,170,8
1765,250,170,6
1766,250,170,6
1767,250,170,5
1768,250,170,6
1769,250,170,8
1770,250,170,6
1771,250,170,6
1772,250,170,7
1773,250,170,8
1774,250,170,4
1775,250,170,6
1776,250,170,6
1777,250,170,7
1778,250,170,9
1779,250,170,6
1780,250,170,9
1781,250,170,8
1782,250,170,4
1783,250,170,8
1784,250,170,6
1785,250,170,6
1786,250,170,9
1787,250,170,6
1788,250,170,7
1789,250,170,5
1790,250,170,6
1791,250,170,8
1792,250,170,7
1793,250,170,5
1794,250,170,6
1795,250,170,7
1796,250,170,8
1797,250,170,5
1798,250,170,6
1799,250,170,5
1800,250,170,7
1801,250,170,7
1802,250,170,5
1803,250,170,6
1804,250,170,6
1805,250,170,5
1806,250,170,4
1807,250,170,8
1808,250,170,7
1809,250,170,5
1810,250,170,6
1811,250,170,6
1812,250,170,8
1813,250,170,6
1814,250,170,7
1815,250,170,5
1816,250,170,4
1817,250,170,7
1818,250,170,6
1819,250,170,7
1820,250,170,8
1821,250,170,7
1822,250,170,7
1823,250,170,6
1824,250,170,4
1825,250,170,7
1826,250,170,6
1827,250,170,6
1828,250,170,6
1829,250,170,6
1830,250,170,6
1831,250,170,8
1832,250,170,6
1833,250,170,6
1834,250,170,6
1835,250,170,7
1836,250,170,6
1837,250,170,6
1838,250,170,5
1839,250,170,6
1840,250,170,5
1841,250,170,5
1842,250,170,6
1843,250,170,7
1844,250,170,5
1845,250,170,7
1846,250,170,8
1847,250,170,6
1848,250,170,5
1849,250,170,8
1850,250,170,8
1851,250,170,6
1852,250,170,8
1853,250,170,6
1854,250,170,7
1855,250,170,7
1856,250,170,6
1857,250,170,6
1858,250,170,7
1859,250,170,9
1860,250,170,8
1861,250,170,6
1862,250,170,6
1863,250,170,6
1864,250,170,7
1865,250,170,8
1866,250,170,7
1867,250,170,6
1868,250,170,6
1869,250,170,6
1870,250,170,6
1871,250,170,5
1872,250,170,7
1873,250,170,10
1874,250,170,5
1875,250,170,6
1876,250,170,7
1877,250,170,7
1878,250,170,6
1879,250,170,7
1880,250,170,6
1881,250,170,9
1882,250,170,8
1883,250,170,8
1884,250,170,4
1885,250,170,6
1886,250,170,5
1887,250,170,7
1888,250,170,7
1889,250,170,5
1890,250,170,6
1891,250,170,7
1892,250,170,6
1893,250,170,3
1894,250,170,7
1895,250,170,9
1896,250,170,7
1897,250,170,7
1898,250,170,5
1899,250,170,5
1900,250,170,4
1901,250,170,6
1902,250,170,6
1903,250,170,8
1904,250,170,5
1905,250,170,9
1906,250,170,8
1907,250,170,8
1908,250,170,7
1909,250,170,7
1910,250,170,6
1911,250,170,6
1912,250,170,6
1913,250,170,6
1914,250,170,6
1915,250,170,8
1916,250,170,6
1917,250,170,6
1918,250,170,6
1919,250,170,5
1920,250,170,6
1921,250,170,3
1922,250,170,6
1923,250,170,6
1924,250,170,5
1925,250,170,7
1926,250,170,6
1927,250,170,6
1928,250,170,7
1929,250,170,7
1930,250,170,7
1931,250,170,5
1932,250,170,8
1933,250,170,7
1934,250,170,5
1935,250,170,6
1936,250,170,4
1937,250,170,6
1938,250,170,4
1939,250,170,8
1940,250,170,7
1941,250,170,8
1942,250,170,7
1943,250,170,5
1944,250,170,5
1945,250,170,5
1946,250,170,8
1947,250,170,6
1948,250,170,7
1949,250,170,6
1950,250,170,7
1951,250,170,6
1952,250,170,8
1953,250,170,5
1954,250,170,10
1955,250,170,6
1956,250,170,6
1957,250,170,6
1958,250,170,6
1959,250,170,7
1960,250,170,6
1961,250,170,5
1962,250,170,6
1963,250,170,4
1964,250,170,6
1965,250,170,7
1966,250,170,7
1967,250,170,5
1968,250,170,8
1969,250,170,5
1970,250,170,8
1971,250,170,6
1972,250,170,9
1973,250,170,9
1974,250,170,8
1975,250,170,6
1976,250,170,8
1977,250,170,8
1978,250,170,7
1979,250,170,5
1980,250,170,7
1981,250,170,5
1982,250,170,7
1983,250,170,3
1984,250,170,5
1985,250,170,6
1986,250,170,5
1987,250,170,7
1988,250,170,5
1989,250,170,6
1990,250,170,7
1991,250,170,8
1992,250,170,6
1993,250,170,7
1994,250,170,7
1995,250,170,9
1996,250,170,8
1997,250,170,4
1998,250,170,6
1999,250,170,6
2000,250,180,5
2001,250,180,8
2002,250,180,5
2003,250,180,5
2004,250,180,7
2005,250,180,7
2006,250,180,6
2007,250,180,7
2008,250,180,6
2009,250,180,9
2010,250,180,4
2011,250,180,6
2012,250,180,5
2013,250,180,6
2014,250,180,7
2015,250,180,7
2016,250,180,5
2017,250,180,4
2018,250,180,6
2019,250,180,4
2020,250,180,6
2021,250,180,7
2022,250,180,8
2023,250,180,4
2024,250,180,6
2025,250,180,7
2026,250,180,5
2027,250,180,6
2028,250,180,4
2029,250,180,9
2030,250,180,6
2031,250,180,6
2032,250,180,6
2033,250,180,8
2034,250,180,8
2035,250,180,6
2036,250,180,8
2037,250,180,5
2038,250,180,6
2039,250,180,7
2040,250,180,7
2041,250,180,6
2042,250,180,8
2043,250,180,6
2044,250,180,7
2045,250,180,6
2046,250,180,7
2047,250,180,6
2048,250,180,8
2049,250,180,5
2050,250,180,6
2051,250,180,7
2052,250,180,7
2053,250,180,6
2054,250,180,8
2055,250,180,4
2056,250,180,9
2057,250,180,6
2058,250,180,9
2059,250,180,6
2060,250,180,6
2061,250,180,7
2062,250,180,8
2063,250,180,6
2064,250,180,4
2065,250,180,9
2066,250,180,9
2067,250,180,8
2068,250,180,4
2069,250,180,7
2070,250,180,5
2071,250,180,7
2072,250,180,8
2073,250,180,7
2074,250,180,7
2075,250,180,5
2076,250,180,8
2077,250,180,10
2078,250,180,6
2079,250,180,7
2080,250,180,7
2081,250,180,6
2082,250,180,6
2083,250,180,7
2084,250,180,6
2085,250,180,7
2086,250,180,8
2087,250,180,7
2088,250,180,8
2089,250,180,6
2090,250,180,6
2091,250,180,7
2092,250,180,9
2093,250,180,7
2094,250,180,5
2095,250,180,6
2096,250,180,7
2097,250,180,8
2098,250,180,5
2099,250,180,6
2100,250,180,6
2101,250,180,5
2102,250,180,7
2103,250,180,6
2104,250,180,6
2105,250,180,7
2106,250,180,8
2107,250,180,7
2108,250,180,7
2109,250,180,6
2110,250,180,7
2111,250,180,6
2112,250,180,5
2113,250,180,7
2114,250,180,6
2115,250,180,8
2116,250,180,5
2117,250,180,6
2118,250,180,7
2119,250,180,7
2120,250,180,7
2121,250,180,8
2122,250,180,6
2123,250,180,5
2124,250,180,8
2125,250,180,7
2126,250,180,6
2127,250,180,6
2128,250,180,8
2129,250,180,5
2130,250,180,9
2131,250,180,6
2132,250,180,7
2133,250,180,8
2134,250,180,8
2135,250,180,6
2136,250,180,8
2137,250,180,6
2138,250,180,7
2139,250,180,5
2140,250,180,5
2141,250,180,6
2142,250,180,5
2143,250,180,10
2144,250,180,10
2145,250,180,6
2146,250,180,7
2147,250,180,7
2148,250,180,6
2149,250,180,7
2150,250,180,8
2151,250,180,8
2152,250,180,6
2153,250,180,9
2154,250,180,5
2155,250,180,8
2156,250,180,8
2157,250,180,9
2158,250,180,9
2159,250,180,5
2160,250,180,5
2161,250,180,6
2162,250,180,9
2163,250,180,6
2164,250,180,5
2165,250,180,4
2166,250,180,6
2167,250,180,9
2168,250,180,7
2169,250,180,8
2170,250,180,6
2171,250,180,9
2172,250,180,7
2173,250,180,7
2174,250,180,4
2175,250,180,6
2176,250,180,7
2177,250,180,5
2178,250,180,7
2179,250,180,5
2180,250,180,5
2181,250,180,7
2182,250,180,6
2183,250,180,5
2184,250,180,7
2185,250,180,5
2186,250,180,6
2187,250,180,7
2188,250,180,8
2189,250,180,9
2190,250,180,6
2191,250,180,7
2192,250,180,5
2193,250,180,7
2194,250,180,7
2195,250,180,4
2196,250,180,5
2197,250,180,6
2198,250,180,10
2199,250,180,5
2200,250,180,7
2201,250,180,5
2202,250,180,4
2203,250,180,5
2204,250,180,6
2205,250,180,6
2206,250,180,6
2207,250,180,6
2208,250,180,6
2209,250,180,9
2210,250,180,6
2211,250,180,6
2212,250,180,6
2213,250,180,4
2214,250,180,6
2215,250,180,8
2216,250,180,9
2217,250,180,6
2218,250,180,8
2219,250,180,8
2220,250,180,5
2221,250,180,5
2222,250,180,10
2223,250,180,7
2224,250,180,8
2225,250,180,8
2226,250,180,7
2227,250,180,8
2228,250,180,5
2229,250,180,6
2230,250,180,4
2231,250,180,7
2232,250,180,6
2233,250,180,8
2234,250,180,6
2235,250,180,6
2236,250,180,6
2237,250,180,5
2238,250,180,7
2239,250,180,8
2240,250,180,7
2241,250,180,6
2242,250,180,7
2243,250,180,5
2244,250,180,5
2245,250,180,8
2246,250,180,7
2247,250,180,5
2248,250,180,6
2249,250,180,7
2250,250,190,5
2251,250,190,6
2252,250,190,5
2253,250,190,5
2254,250,190,4
2255,250,190,7
2256,250,190,6
2257,250,190,8
2258,250,190,7
2259,250,190,8
2260,250,190,7
2261,250,190,6
2262,250,190,5
2263,250,190,7
2264,250,190,4
2265,250,190,8
2266,250,190,6
2267,250,190,8
2268,250,190,6
2269,250,190,7
2270,250,190,9
2271,250,190,7
2272,250,190,6
2273,250,190,7
2274,250,190,6
2275,250,190,9
2276,250,190,4
2277,250,190,6
2278,250,190,6
2279,250,190,6
2280,250,190,5
2281,250,190,6
2282,250,190,6
2283,250,190,7
2284,250,190,6
2285,250,190,7
2286,250,190,5
2287,250,190,8
2288,250,190,7
2289,250,190,5
2290,250,190,7
2291,250,190,7
2292,250,190,7
2293,250,190,8
2294,250,190,5
2295,250,190,6
2296,250,190,5
2297,250,190,8
2298,250,190,7
2299,250,190,5
2300,250,190,6
2301,250,190,8
2302,250,190,8
2303,250,190,5
2304,250,190,6
2305,250,190,7
2306,250,190,7
2307,250,190,6
2308,250,190,7
2309,250,190,5
2310,250,190,8
2311,250,190,5
2312,250,190,5
2313,250,190,6
2314,250,190,4
2315,250,190,8
2316,250,190,7
2317,250,190,6
2318,250,190,4
2319,250,190,9
2320,250,190,6
2321,250,190,7
2322,250,190,6
2323,250,190,7
2324,250,190,5
2325,250,190,7
2326,250,190,4
2327,250,190,10
2328,250,190,5
2329,250,190,7
2330,250,190,5
2331,250,190,6
2332,250,190,6
2333,250,190,8
2334,250,190,4
2335,250,190,7
2336,250,190,7
2337,250,190,3
2338,250,190,8
2339,250,190,6
2340,250,190,6
2341,250,190,4
2342,250,190,6
2343,250,190,7
2344,250,190,6
2345,250,190,11
2346,250,190,5
2347,250,190,6
2348,250,190,6
2349,250,190,6
2350,250,190,9
2351,250,190,6
2352,250,190,8
2353,250,190,7
2354,250,190,8
2355,250,190,7
2356,250,190,5
2357,250,190,6
2358,250,190,4
2359,250,190,4
2360,250,190,9
2361,250,190,7
2362,250,190,7
2363,250,190,6
2364,250,190,9
2365,250,190,7
2366,250,190,6
2367,250,190,6
2368,250,190,8
2369,250,190,5
2370,250,190,6
2371,250,190,7
2372,250,190,6
2373,250,190,6
2374,250,190,5
2375,250,190,6
2376,250,190,7
2377,250,190,7
2378,250,190,6
2379,250,190,7
2380,250,190,9
2381,250,190,9
2382,250,190,5
2383,250,190,6
2384,250,190,7
2385,250,190,6
2386,250,190,5
2387,250,190,7
2388,250,190,6
2389,250,190,7
2390,250,190,8
2391,250,190,7
2392,250,190,5
2393,250,190,5
2394,250,190,7
2395,250,190,8
2396,250,190,8
2397,250,190,6
2398,250,190,7
2399,250,190,8
2400,250,190,7
2401,250,190,3
2402,250,190,6
2403,250,190,7
2404,250,190,6
2405,250,190,4
2406,250,190,7
2407,250,190,6
2408,250,190,7
2409,250,190,5
2410,250,190,7
2411,250,190,6
2412,250,190,7
2413,250,190,5
2414,250,190,6
2415,250,190,7
2416,250,190,5
2417,250,190,7
2418,250,190,7
2419,250,190,7
2420,250,190,6
2421,250,190,6
2422,250,190,6
2423,250,190,5
2424,250,190,11
2425,250,190,5
2426,250,190,7
2427,250,190,7
2428,250,190,6
2429,250,190,6
2430,250,190,6
2431,250,190,6
2432,250,190,6
2433,250,190,7
2434,250,190,6
2435,250,190,8
2436,250,190,5
2437,250,190,8
2438,250,190,5
2439,250,190,7
2440,250,190,5
2441,250,190,5
2442,250,190,8
2443,250,190,7
2444,250,190,6
2445,250,190,7
2446,250,190,6
2447,250,190,4
2448,250,190,4
2449,250,190,5
2450,250,190,6
2451,250,190,5
2452,250,190,6
2453,250,190,9
2454,250,190,5
2455,250,190,7
2456,250,190,8
2457,250,190,7
2458,250,190,7
2459,250,190,5
2460,250,190,6
2461,250,190,6
2462,250,190,7
2463,250,190,6
2464,250,190,4
2465,250,190,5
2466,250,190,7
2467,250,190,6
2468,250,190,4
2469,250,190,6
2470,250,190,8
2471,250,190,8
2472,250,190,7
2473,250,190,8
2474,250,190,5
2475,250,190,5
2476,250,190,6
2477,250,190,7
2478,250,190,4
2479,250,190,6
2480,250,190,6
2481,250,190,7
2482,250,190,5
2483,250,190,8
2484,250,190,6
2485,250,190,7
2486,250,190,6
2487,250,190,8
2488,250,190,5
2489,250,190,6
2490,250,190,4
2491,250,190,8
2492,250,190,7
2493,250,190,6
2494,250,190,9
2495,250,190,5
2496,250,190,6
2497,250,190,4
2498,250,190,7
2499,250,190,7
